{
  "timestamp": "2025-12-14T14:11:18.973Z",
  "metrics": {
    "verifyApproval": {
      "count": 1,
      "p50": 1.5988750457763672,
      "p95": 1.5988750457763672,
      "p99": 1.5988750457763672,
      "min": 1.5988750457763672,
      "max": 1.5988750457763672,
      "avg": 1.5988750457763672
    },
    "totalPipeline": {
      "count": 1,
      "p50": 2.622957944869995,
      "p95": 2.622957944869995,
      "p99": 2.622957944869995,
      "min": 2.622957944869995,
      "max": 2.622957944869995,
      "avg": 2.622957944869995
    },
    "errors": {
      "count": 0,
      "byType": {}
    }
  }
}