{
  "timestamp": "2025-12-14T14:10:58.237Z",
  "metrics": {
    "verifyApproval": {
      "count": 1,
      "p50": 1.5532081127166748,
      "p95": 1.5532081127166748,
      "p99": 1.5532081127166748,
      "min": 1.5532081127166748,
      "max": 1.5532081127166748,
      "avg": 1.5532081127166748
    },
    "totalPipeline": {
      "count": 1,
      "p50": 2.6280829906463623,
      "p95": 2.6280829906463623,
      "p99": 2.6280829906463623,
      "min": 2.6280829906463623,
      "max": 2.6280829906463623,
      "avg": 2.6280829906463623
    },
    "errors": {
      "count": 0,
      "byType": {}
    }
  }
}