{
  "timestamp": "2025-12-14T14:11:01.544Z",
  "metrics": {
    "verifyApproval": {
      "count": 1,
      "p50": 1.7951250076293945,
      "p95": 1.7951250076293945,
      "p99": 1.7951250076293945,
      "min": 1.7951250076293945,
      "max": 1.7951250076293945,
      "avg": 1.7951250076293945
    },
    "totalPipeline": {
      "count": 1,
      "p50": 2.987332820892334,
      "p95": 2.987332820892334,
      "p99": 2.987332820892334,
      "min": 2.987332820892334,
      "max": 2.987332820892334,
      "avg": 2.987332820892334
    },
    "errors": {
      "count": 0,
      "byType": {}
    }
  }
}