{
  "timestamp": "2025-12-14T14:11:22.242Z",
  "metrics": {
    "verifyApproval": {
      "count": 1,
      "p50": 1.9242501258850098,
      "p95": 1.9242501258850098,
      "p99": 1.9242501258850098,
      "min": 1.9242501258850098,
      "max": 1.9242501258850098,
      "avg": 1.9242501258850098
    },
    "totalPipeline": {
      "count": 1,
      "p50": 3.1231658458709717,
      "p95": 3.1231658458709717,
      "p99": 3.1231658458709717,
      "min": 3.1231658458709717,
      "max": 3.1231658458709717,
      "avg": 3.1231658458709717
    },
    "errors": {
      "count": 0,
      "byType": {}
    }
  }
}