{
  "timestamp": "2025-12-14T14:11:00.975Z",
  "metrics": {
    "verifyApproval": {
      "count": 1,
      "p50": 1.6440000534057617,
      "p95": 1.6440000534057617,
      "p99": 1.6440000534057617,
      "min": 1.6440000534057617,
      "max": 1.6440000534057617,
      "avg": 1.6440000534057617
    },
    "totalPipeline": {
      "count": 1,
      "p50": 2.7590420246124268,
      "p95": 2.7590420246124268,
      "p99": 2.7590420246124268,
      "min": 2.7590420246124268,
      "max": 2.7590420246124268,
      "avg": 2.7590420246124268
    },
    "errors": {
      "count": 0,
      "byType": {}
    }
  }
}