{
  "timestamp": "2025-12-14T14:10:59.700Z",
  "metrics": {
    "verifyApproval": {
      "count": 1,
      "p50": 1.8384170532226562,
      "p95": 1.8384170532226562,
      "p99": 1.8384170532226562,
      "min": 1.8384170532226562,
      "max": 1.8384170532226562,
      "avg": 1.8384170532226562
    },
    "totalPipeline": {
      "count": 1,
      "p50": 3.0424578189849854,
      "p95": 3.0424578189849854,
      "p99": 3.0424578189849854,
      "min": 3.0424578189849854,
      "max": 3.0424578189849854,
      "avg": 3.0424578189849854
    },
    "errors": {
      "count": 0,
      "byType": {}
    }
  }
}