{
  "timestamp": "2025-12-14T14:10:48.745Z",
  "metrics": {
    "verifyApproval": {
      "count": 1,
      "p50": 1.7989580631256104,
      "p95": 1.7989580631256104,
      "p99": 1.7989580631256104,
      "min": 1.7989580631256104,
      "max": 1.7989580631256104,
      "avg": 1.7989580631256104
    },
    "totalPipeline": {
      "count": 1,
      "p50": 3.0115420818328857,
      "p95": 3.0115420818328857,
      "p99": 3.0115420818328857,
      "min": 3.0115420818328857,
      "max": 3.0115420818328857,
      "avg": 3.0115420818328857
    },
    "errors": {
      "count": 0,
      "byType": {}
    }
  }
}